{"cameraMode":{"drawMode":0,"name":"Shaded","section":"Shading Mode"},"sceneLighting":true,"audioPlay":false,"sceneViewState":{"m_AlwaysRefresh":false,"showFog":true,"showSkybox":false,"showFlares":true,"showImageEffects":true,"showParticleSystems":true,"showVisualEffectGraphs":true,"m_FxEnabled":true},"in2DMode":false,"pivot":{"x":-3.3748064041137697,"y":2.7817437648773195,"z":0.6023756265640259},"rotation":{"x":0.10129982233047486,"y":0.6223690509796143,"z":-0.08168337494134903,"w":0.7718320488929749},"size":2.2176942825317385,"orthographic":false}